file_name,compression_ratio,throughput_bulk (MB/s),compression_ratio,throughput_compression (MB/s),throughput_decompression (MB/s),
hex,1.54015,250.353,0.909482,240.321,1324.32
yago,1.66029,207.299,1.23097,175.752,538.426
email,2.00658,235.876,1.46721,229.505,679.99
wiki,1.70177,207.685,1.31419,186.562,552.819
uuid,1.98265,279.886,1.62505,315.692,1313.85
urls2,1.91672,244.011,1.67761,245.254,830.11
urls,2.59528,350.343,2.21545,346.078,1073.33
